566987fe-391c-4ba5-857f-2e2aa1c519b3;eea-data-and-maps-data-european-union-emissions-trading-scheme-17;Tabular;1 to 1;eea_t_eu-emission-trading-scheme_p_2005-2021_v45_r00;European Union Emissions Trading System (EU ETS) data from EUTL;http://www.eea.europa.eu/data-and-maps/data/european-union-emissions-trading-scheme-17/technical-report/technical-document###http://www.eea.europa.eu/data-and-maps/data/european-union-emissions-trading-scheme-17/eu-ets-data-viewer-manual/eu-ets-data-viewer-manual###http://www.eea.europa.eu/data-and-maps/data/european-union-emissions-trading-scheme-17/eu-ets-data-download-latest-version/ETS_Database_v42.zip###http://www.eea.europa.eu/data-and-maps/data/european-union-emissions-trading-scheme-17/eu-ets-background-note/eu-ets-background-note###http://www.eea.europa.eu/data-and-maps/data/european-union-emissions-trading-scheme-17/eu-ets-background-note/data-quality###http://www.eea.europa.eu/data-and-maps/data/european-union-emissions-trading-scheme-17/eu-ets-background-note/translation-of-activity-codes###http://www.eea.europa.eu/data-and-maps/data/european-union-emissions-trading-scheme-17/eu-ets-background-note/preliminary-assessment-of-eu-ets;2005;2021;
65576285-06b1-43b4-bd31-8085e36750dc;eea-data-and-maps-data-european-red-list-of-habitats;Tabular;1 to 1;eea_t_european-red-list-habitats_p_2016-2021_v01_r00;European Red List of Habitats - enhanced by EEA;http://www.eea.europa.eu/data-and-maps/data/european-red-list-of-habitats/european-red-list-of-habitats/red-list-of-habitats-enhanced.xlsx###http://www.eea.europa.eu/data-and-maps/data/european-red-list-of-habitats/descriptions-of-habitats/terrestrial-habitat-descriptions.docx###http://www.eea.europa.eu/data-and-maps/data/european-red-list-of-habitats/descriptions-of-habitats/marine-habitat-descriptions.docx;2016;2021;
2f939a36-13b2-443a-ac93-bb1ad38bafc9;eea-data-and-maps-data-co2-emission-hdv;Tabular;1 to 1;eea_t_co2-emission-hdv_p_2019-2020_v01_r00;Monitoring of CO2 emissions from heavy-duty vehicles;https://www.eea.europa.eu/data-and-maps/data/co2-emission-hdv###https://discomap.eea.europa.eu/app/CO2HDV/;2019;2020;
cbde49ae-7e01-4789-a3ed-435929aad38c;eea-data-and-maps-data-air-quality-health-risk-assessments-nuts3;Tabular;1 to 1;eea_t_aq-health-risk-nuts3_p_2005-2019_v01_r00;Air Quality Health Risk Assessments (NUTS3);http://www.eea.europa.eu/data-and-maps/data/air-quality-health-risk-assessments-nuts3/air-quality-health-risk-assessments-nuts3/air-quality-health-risk-assessments-nuts3###https://discomap.eea.europa.eu/App/AirQualityHealthRisksNUTS3/index.html;2005;2019;
b9263278-50e9-48b2-a7a7-0b4490286520;eea-data-and-maps-data-waterbase-water-quantity-14;Tabular;1 to 1;eea_t_waterbase-water-quantity_p_1961-2020_v15_r00;Waterbase - Water Quantity;http://www.eea.europa.eu/data-and-maps/data/waterbase-water-quantity-14/waterbase-water-quantity-microsoft-access-database-2-tables/waterbase-water-quantity-sqlite-file-1###http://www.eea.europa.eu/data-and-maps/data/waterbase-water-quantity-14/waterbase-water-quantity-microsoft-access-database-2-tables/waterbase-water-quantity-csv-files###http://www.eea.europa.eu/data-and-maps/data/waterbase-water-quantity-14/discodata-user-guide/eea-discodata-wise-soe-basic###http://www.eea.europa.eu/data-and-maps/data/waterbase-water-quantity-14/tables-metadata/tables-metadata-csv-file;1961;2020;
c939348e-9ead-4bbf-9bbf-929f1d83605b;eea-data-and-maps-data-waterbase-emissions-10;Tabular;1 to 1;eea_t_waterbase-emissions_p_1977-2020_v11_r00;;http://www.eea.europa.eu/data-and-maps/data/waterbase-emissions-10/waterbase-emissions-5-tables/waterbase-emissions-csv-file###http://www.eea.europa.eu/data-and-maps/data/waterbase-emissions-10/waterbase-emissions-5-tables/waterbase-emissions-sqlite-file###http://www.eea.europa.eu/data-and-maps/data/waterbase-emissions-10/tables-metadata/table-definitions-csv;1977;2020;
69ae92d2-1955-4bea-898a-dee88ada9756;eea-data-and-maps-data-circular-economy-with-new-emerging;Tabular;1 to 1;eea_t_circular-economy-new-data-streams_p_2012-2020_v01_r00;Circular Economy with new emerging data streams;http://www.eea.europa.eu/data-and-maps/data/circular-economy-with-new-emerging/documents-about-monitoring-the-circular/further-exploration-of-2018big-data2019###http://www.eea.europa.eu/data-and-maps/data/circular-economy-with-new-emerging/data/monitoring-the-circular-economy-with;2012;2020;
a468edd8-83cb-42b8-aaaf-4772a97a5041;eea-data-and-maps-data-waterbase-biology-1;Tabular;1 to 1;eea_t_waterbase-biology_p_1990-2021_v02_r00;Waterbase - Biology;https://www.eea.europa.eu/data-and-maps/data/waterbase-biology-1/waterbase-biology-4-tables/waterbase-biology-csv-files###https://www.eea.europa.eu/data-and-maps/data/waterbase-biology-1/waterbase-biology-4-tables/waterbase-biology-sqlite-file###https://www.eea.europa.eu/data-and-maps/data/waterbase-biology-1/dataset-definition/dataset-definition-csv-file;1990;2021;
dd0135d2-64b5-4065-b8bb-a8d2fd10fe8f;eea-data-and-maps-data-application-of-the-emissions-trading;Tabular;1 to 1;eea_t_application-emissions-trading-directive_p_2013-2014_v01_r00;Application of the Emissions Trading Directive 2003/87/EC (Article 21);http://www.eea.europa.eu/data-and-maps/data/application-of-the-emissions-trading/data-table/eu-ets-article21queries;2013;2014;
d814df9d-69c7-454d-8550-462f1e997546;eea-data-and-maps-data-co2-intensity-of-electricity-generation;Tabular;1 to 1;eea_t_co2-intensity-electricity-generation_p_2017_v01_r00;CO2 Intensity of Electricity Generation;http://www.eea.europa.eu/data-and-maps/data/co2-intensity-of-electricity-generation/eea-2017-co2-emission-intensity/2017-co2_intensel_eea_csv;2017;;
5475e320-23c6-450a-93d2-b5a506e374d6;eea-data-and-maps-data-national-emission-ceilings-nec-directive-inventory-18;Tabular;1 to 1;eea_t_nec-directive-inventory_p_1990-2017_v01_r00;National Emission reductions Commitments (NEC) Directive emission inventory data;http://www.eea.europa.eu/data-and-maps/data/national-emission-ceilings-nec-directive-inventory-18/national-emission-ceilings-nec-directive/nec_nfr14_csv###http://www.eea.europa.eu/data-and-maps/data/national-emission-ceilings-nec-directive-inventory-18/national-emission-ceilings-nec-directive/microsoft-access-format-zip###http://www.eea.europa.eu/data-and-maps/data/national-emission-ceilings-nec-directive-inventory-18/data-viewer-demo-video/data-viewer-demo-video###http://www.eea.europa.eu/data-and-maps/data/national-emission-ceilings-nec-directive-inventory-18/air-pollutant-emissions-data-viewer-nec-directive-manual/air-pollutant-emissions-data-viewer-nec-directive-manual;1990;2017;
5324a6a5-a7f1-4681-895c-fb7457b6ef0f;eea-data-and-maps-data-national-emissions-reported-to-the-unfccc-and-to-the-eu-greenhouse-gas-monitoring-mechanism-18;Tabular;1 to 1;eea_t_national-emissions-reported_p_2022_v01_r00;National emissions reported to the UNFCCC and to the EU Greenhouse Gas Monitoring Mechanism;http://www.eea.europa.eu/data-and-maps/data/national-emissions-reported-to-the-unfccc-and-to-the-eu-greenhouse-gas-monitoring-mechanism-18/national-greenhouse-gas-inventories-ipcc-common-reporting-format-sector-classification/microsoft-access-format-zip-2###http://www.eea.europa.eu/data-and-maps/data/national-emissions-reported-to-the-unfccc-and-to-the-eu-greenhouse-gas-monitoring-mechanism-18/national-greenhouse-gas-inventories-ipcc-common-reporting-format-sector-classification/ascii-delimited-zip-2###http://www.eea.europa.eu/data-and-maps/data/national-emissions-reported-to-the-unfccc-and-to-the-eu-greenhouse-gas-monitoring-mechanism-18/eea-greenhouse-gas-data-viewer-manual/eea-greenhouse-gas-data-viewer-manual;2022;;
1c2af514-cc4f-4c16-b452-b38ecd952a3a;eea-data-and-maps-data-european-pollutant-release-and-transfer-register-e-prtr-regulation-art-8-diffuse-air-data;Geospatial;1 to 1;eea_v_4326_diffuse-air-releases-e-prtr_p_2008_v01_r00;;http://www.eea.europa.eu/data-and-maps/data/european-pollutant-release-and-transfer-register-e-prtr-regulation-art-8-diffuse-air-data/5-km-x-5-km/e-prtr---non.0-raster.zip###http://www.eea.europa.eu/data-and-maps/data/european-pollutant-release-and-transfer-register-e-prtr-regulation-art-8-diffuse-air-data/5-km-x-5-km/e-prtr---domestic-shipping-diffuse-air-maps-v1.0-raster.zip###http://www.eea.europa.eu/data-and-maps/data/european-pollutant-release-and-transfer-register-e-prtr-regulation-art-8-diffuse-air-data/5-km-x-5-km/e-prtr---domestic-aviation-diffuse-air-maps-v1.0-raster.zip###http://www.eea.europa.eu/data-and-maps/data/european-pollutant-release-and-transfer-register-e-prtr-regulation-art-8-diffuse-air-data/5-km-x-5-km/e-prtr---industrial-releases-diffuse-air-maps-v1.0-raster.zip###http://www.eea.europa.eu/data-and-maps/data/european-pollutant-release-and-transfer-register-e-prtr-regulation-art-8-diffuse-air-data/5-km-x-5-km/e-prtr---agricultural-diffuse-air-maps-v1.0-raster.zip###http://www.eea.europa.eu/data-and-maps/data/european-pollutant-release-and-transfer-register-e-prtr-regulation-art-8-diffuse-air-data/5-km-x-5-km/e-prtr---road-transport-diffuse-air-maps-v1.0-raster.zip###http://www.eea.europa.eu/data-and-maps/data/european-pollutant-release-and-transfer-register-e-prtr-regulation-art-8-diffuse-air-data/5-km-x-5-km/e-prtr-.0-raster.zip###http://www.eea.europa.eu/data-and-maps/data/european-pollutant-release-and-transfer-register-e-prtr-regulation-art-8-diffuse-air-data/methodology-report/diffuse_releases_e-prtr_methodology_2011_en.pdf###http://www.eea.europa.eu/data-and-maps/data/european-pollutant-release-and-transfer-register-e-prtr-regulation-art-8-diffuse-air-data/inspire-compliant-metadata-set/a6b507ce9c461201f63c891ec94459b9.xml###http://www.eea.europa.eu/data-and-maps/data/european-pollutant-release-and-transfer-register-e-prtr-regulation-art-8-diffuse-air-data/vector-data-european-pollutant-release/e-prtr_-_international_shipping_diffuse_air_maps_v1.0.zip###http://www.eea.europa.eu/data-and-maps/data/european-pollutant-release-and-transfer-register-e-prtr-regulation-art-8-diffuse-air-data/vector-data-european-pollutant-release/e-prtr_-_domestic_shipping_diffuse_air_maps_v1.0.zip###http://www.eea.europa.eu/data-and-maps/data/european-pollutant-release-and-transfer-register-e-prtr-regulation-art-8-diffuse-air-data/vector-data-european-pollutant-release/e-prtr_-_industrial_releases_diffuse_air_maps_v1.0.zip###http://www.eea.europa.eu/data-and-maps/data/european-pollutant-release-and-transfer-register-e-prtr-regulation-art-8-diffuse-air-data/vector-data-european-pollutant-release/e-prtr_-_agricultural_diffuse_air_maps_v1.0.zip###http://www.eea.europa.eu/data-and-maps/data/european-pollutant-release-and-transfer-register-e-prtr-regulation-art-8-diffuse-air-data/vector-data-european-pollutant-release/e-prtr_-_road_transport_diffuse_air_maps_v1.0.zip###http://www.eea.europa.eu/data-and-maps/data/european-pollutant-release-and-transfer-register-e-prtr-regulation-art-8-diffuse-air-data/vector-data-european-pollutant-release/e-prtr_-_domestic_aviation_diffuse_air_maps_v1.0.zip###http://www.eea.europa.eu/data-and-maps/data/european-pollutant-release-and-transfer-register-e-prtr-regulation-art-8-diffuse-air-data/vector-data-european-pollutant-release/e-prtr_-_non-industrial_combustion_diffuse_air-maps_v1.0.zip###http://www.eea.europa.eu/data-and-maps/data/european-pollutant-release-and-transfer-register-e-prtr-regulation-art-8-diffuse-air-data/esri-compliant-.prj-file-1/esri_3035###http://www.eea.europa.eu/data-and-maps/data/european-pollutant-release-and-transfer-register-e-prtr-regulation-art-8-diffuse-air-data/esri-compliant-.prj-file-1/esri_4326.prj;2008;;
c92c3264-f8c3-4310-91da-7457d64871e0;eea-data-and-maps-data-marine-litter;Tabular;1 to 1;eea_t_marine-litter-watch_p_2016-now_v01_r00;Marine litter (data from LitterWatch);http://www.eea.europa.eu/data-and-maps/data/marine-litter/marine-litterwatch-data/marine-litterwatch-download-service###https://discomap.eea.europa.eu/map/fme/MLWPivotExport.htm;2016;;
244a8bcc-d2d1-4357-b5b2-63e8bdf50c68;eea-data-and-maps-data-approximated-estimates-for-greenhouse-gas-emissions-3;Tabular;1 to 1;eea_t_ghg-emissions-proxy_p_2020_v04_r00;Approximated estimates for greenhouse gas emissions;https://www.eea.europa.eu/data-and-maps/data/approximated-estimates-for-greenhouse-gas-emissions-3###http://www.eea.europa.eu/data-and-maps/data/approximated-estimates-for-greenhouse-gas-emissions-3/2017-ghg-proxies/ghg_proxy_2017;2020;;
c29f44ff-d577-40f5-be49-e00eccd0469d;eea-data-and-maps-data-bathing-water-directive-status-of-bathing-water-13;Tabular;1 to 1;eea_t_bathing-water-status_p_1990-ongoing_v01_r00;Bathing Water Directive - Status of bathing water;https://www.eea.europa.eu/data-and-maps/data/bathing-water-directive-status-of-bathing-water-14###https://www.eea.europa.eu/data-and-maps/data/bathing-water-directive-status-of-bathing-water-14/bathing-water-directive-status/excel-format-zip/at_download/file;1990;;
6a789198-969c-4ee6-be68-074c380a3e6e;eea-data-and-maps-data-wise-wfd-4;Tabular;1 to 1;eea_t_wise-wfd_p_2000-now_v01_r00;WISE Water Framework Directive Database;http://www.eea.europa.eu/data-and-maps/data/wise-wfd-4/wise-wfd-database-1/wise-wfd-database###https://cmshare.eea.europa.eu/s/jjGHWZJB2gzf5Lg/download;2000;;
c5a630e5-6aac-4746-ad9e-07324e4f52b6;eea-data-and-maps-data-ozone-depleting-substances;Tabular;1 to 1;eea_t_ozone-depleting-substances_p_2006-2020_v01_r00;Ozone-depleting substances 2021;http://www.eea.europa.eu/data-and-maps/data/ozone-depleting-substances/consumption-of-ozone-depleting-substances-ods/ods_2020-data-files;2006;2020;
a3e45caf-7e7f-4551-a39e-9aa6bc6aa6ea;eea-data-and-maps-data-corine-biotopes;Geospatial;1 to 1;eea_t_corine-biotopes_p_2003_v01_r00;Corine biotopes;http://www.eea.europa.eu/data-and-maps/data/corine-biotopes/compressed-file-containing-the-species-coded-and-text-tables-in-ms-access-format/compressed-file-containing-the-species-coded-and-text-tables-in-ms-access-format###http://www.eea.europa.eu/data-and-maps/data/corine-biotopes/compressed-file-containing-the-look-up-tables-in-ms-access-format/compressed-file-containing-the-look-up-tables-in-ms-access-format;2003;;
534d4e6c-827d-4b93-bce8-bb8021dd3fb8;eea-data-and-maps-data-carbon-storage-in-global-terrestrial;Tabular;1 to 1;eea_t_carbon-storage-ecosystems_p_1982-2020_v01_r00;Carbon storage in EU terrestrial and marine ecosystems;http://www.eea.europa.eu/data-and-maps/data/carbon-storage-in-global-terrestrial/report-on-carbon-stocks-and-sequstration/final-report-on-carbon-stocks###http://www.eea.europa.eu/data-and-maps/data/carbon-storage-in-global-terrestrial/basic-data/final-basic-data-terrestrial-carbon###http://www.eea.europa.eu/data-and-maps/data/carbon-storage-in-global-terrestrial/basic-data/final-carbon-classification-list-eunis-terrestrial###http://www.eea.europa.eu/data-and-maps/data/carbon-storage-in-global-terrestrial/basic-data/basic-data-terrestrial-and-marine###http://www.eea.europa.eu/data-and-maps/data/carbon-storage-in-global-terrestrial/basic-data-1/summary-of-detailed-data;1982;2020;
73f4f0ae-aa2c-49fd-9fc4-9feb4792e646;eea-data-and-maps-data-wise-water-accounts-database;Tabular;1 to 1;eea_t_wise-water-accounts_p_1990-2015_v01_r03;WISE Water Accounts database for Europe;http://www.eea.europa.eu/data-and-maps/data/wise-water-accounts-database/data-download/wise-water-accounts-spreadsheet-version###http://www.eea.europa.eu/data-and-maps/data/wise-water-accounts-database/data-download/wise-water-accounts-database-version;1990;2015;"
ee04fe4b-f300-46b0-968e-66245da60e80;eea-data-and-maps-data-waterbase-water-quality-icm-2;Tabular;1 to 1;eea_t_waterbase-water-quality-icm_p_1900-2021_v01_r03;Waterbase - Water Quality ICM;http://www.eea.europa.eu/data-and-maps/data/waterbase-water-quality-icm-2/waterbase-water-quality-icm-4-tables/waterbase-water-quality-icm-part-1###http://www.eea.europa.eu/data-and-maps/data/waterbase-water-quality-icm-2/waterbase-water-quality-icm-4-tables/waterbase-water-quality-icm-sqlite-file###http://www.eea.europa.eu/data-and-maps/data/waterbase-water-quality-icm-2/waterbase-water-quality-icm-4-tables/waterbase-water-quality-icm-part-2###http://www.eea.europa.eu/data-and-maps/data/waterbase-water-quality-icm-2/waterbase-water-quality-icm-4-tables/waterbase-water-quality-icm-csv-files###http://www.eea.europa.eu/data-and-maps/data/waterbase-water-quality-icm-2/dataset-definition/dataset-definition-csv-file;1900;2021;
0dbf4d0d-5a43-4436-8b70-a52aabff2ae6;eea-data-and-maps-data-necd-policies-and-measures-database;Tabular;1 to 1;eea_t_necd-pams-database_p_2019_v01_r00;NECD policies and measures database;http://www.eea.europa.eu/data-and-maps/data/necd-policies-and-measures-database/necd-policies-and-measures-database/necd_pams_database_27062019;2019;;
0528a86a-b623-463e-92f3-caede3688656;eea-data-and-maps-data-fluorinated-greenhouse-gases-aggregated-data-2;Tabular;1 to 1;eea_t_fluorinated-ghg_p_2007-2019_v03_r00;Fluorinated greenhouse gases;http://www.eea.europa.eu/data-and-maps/data/fluorinated-greenhouse-gases-aggregated-data-2/fluorinated-greenhouse-gases-2020/figures.zip;2007;2019;
5bedb154-045c-4d09-90b3-1275bfd09bef;eea-data-and-maps-data-fuel-quality-directive-2;Tabular;1 to 1;eea_t_fuel-quality-directive_p_2020_v01_r00;Fuel quality directive;http://www.eea.europa.eu/data-and-maps/data/fuel-quality-directive-2/fuel_quality_directive_data_v1/fuel_quality_directive_v1_mdb###http://www.eea.europa.eu/data-and-maps/data/fuel-quality-directive-2/fuel_quality_directive_data_v1/fuel_quality_directive_v1_csv###http://www.eea.europa.eu/data-and-maps/data/fuel-quality-directive-2/fuel_quality_directive_data_v1/fuel_quality_directive_v1_xlsx;2020;;
f5194384-83a2-4b9a-b7f6-c106a4b6308b;eea-data-and-maps-data-linkages-of-species-and-habitat;Tabular;1 to 1;eea_t_species-habitat-maes_p_2014_v01_r00;Linkages of species and habitat types to MAES ecosystems;http://www.eea.europa.eu/data-and-maps/data/linkages-of-species-and-habitat/linkages-of-species-and-habitat/linkages-of-species-and-habitat###http://www.eea.europa.eu/data-and-maps/data/linkages-of-species-and-habitat/linkages-of-species-and-habitat/linkages-of-species-and-habitat-1###http://www.eea.europa.eu/data-and-maps/data/linkages-of-species-and-habitat/further-documentation/final-database-on-links-between###http://www.eea.europa.eu/data-and-maps/data/linkages-of-species-and-habitat/dataset-definitions/dataset-definitions-csv-files###http://www.eea.europa.eu/data-and-maps/data/linkages-of-species-and-habitat/dataset-definitions/dataset-definitions-xls-file###http://www.eea.europa.eu/data-and-maps/data/linkages-of-species-and-habitat/code-lists/code-lists-csv-files;2014;;
a7d5f194-d268-4be9-9a07-0f3a428c058e;eea-data-and-maps-data-estimated-effects-of-increased-res-2;Tabular;1 to 1;eea_t_res-impacts_p_2005-2017_v01_r00;Estimated effects of increased RES consumption since 2005 on fossil fuels and GHG emissions;http://www.eea.europa.eu/data-and-maps/data/estimated-effects-of-increased-res-2/eea-estimated-effects-of-res/2016-res_impacts_fossil_fuels_eea_csv;2005;2017;
71437538-cc9f-48ef-bde7-28c7d74ed49a;eea-data-and-maps-data-reported-information-on-large-combustion-1;Tabular;1 to 1;eea_t_lcp-energy-community_p_2018-2020_v01_r00;Reported information on large combustion plants under the Energy Community Treaty;http://www.eea.europa.eu/data-and-maps/data/reported-information-on-large-combustion-1/large-combustion-plants-under-the-2/lcp-energy-community-access-database###http://www.eea.europa.eu/data-and-maps/data/reported-information-on-large-combustion-1/large-combustion-plants-under-the-2/lcp-energy-community-metadata###http://www.eea.europa.eu/data-and-maps/data/reported-information-on-large-combustion-1/large-combustion-plants-under-the-2/lcp-energy-community-excel-database;2018;2020;
227d5714-8da3-4923-bfb5-058f2cfad14f;eea-data-and-maps-data-european-past-floods;Tabular;1 to 1;eea_t_european-past-floods_p_1980-2015_v01_r00;European past flood phenomena;http://www.eea.europa.eu/data-and-maps/data/european-past-floods/flood-phenomena/flood-phenomena-csv-files###http://www.eea.europa.eu/data-and-maps/data/european-past-floods/flood-phenomena/flood-phenomena-microsoft-access-database-file###http://www.eea.europa.eu/data-and-maps/data/european-past-floods/dataset-table-definitions/table-definitions-csv-files###http://www.eea.europa.eu/data-and-maps/data/european-past-floods/dataset-table-definitions/tables-definitions-xls-file;1980;2015;
9c785326-8859-4abd-aad6-c8d35b619ff9;eea-data-and-maps-data-european-red-lists-7;Tabular;1 to 1;eea_t_european-red-list-species_p_2006-2017_v01_r00;European Red Lists of species;http://www.eea.europa.eu/data-and-maps/data/european-red-lists-7/tables-metadata/tables-metadata-xls-file###http://www.eea.europa.eu/data-and-maps/data/european-red-lists-7/tables-metadata/tables-metadata-csv-files###http://www.eea.europa.eu/data-and-maps/data/european-red-lists-7/european-red-list/european-red-list-csv-files###http://www.eea.europa.eu/data-and-maps/data/european-red-lists-7/european-red-list/european-red-list-mdb;2006;2017;
22accc6a-dfbd-4ed0-9c38-d0b51f86a81a;eea-data-and-maps-data-national-emissions-reported-to-the-convention-on-long-range-transboundary-air-pollution-lrtap-convention-15;Tabular;1 to 1;eea_t_lrtap-convention_p_1990-2018_v01_r00;National emissions reported to the Convention on Long-range Transboundary Air Pollution (LRTAP Convention);http://www.eea.europa.eu/data-and-maps/data/national-emissions-reported-to-the-convention-on-long-range-transboundary-air-pollution-lrtap-convention-15/consolidated-table-for-all-countries-in-the-nfr14-format/clrtap_nfr14_v16_gf_csv.zip###http://www.eea.europa.eu/data-and-maps/data/national-emissions-reported-to-the-convention-on-long-range-transboundary-air-pollution-lrtap-convention-15/consolidated-table-for-all-countries-in-the-nfr14-format/clrtap_nfr14_v16_gf_mdb.zip###http://www.eea.europa.eu/data-and-maps/data/national-emissions-reported-to-the-convention-on-long-range-transboundary-air-pollution-lrtap-convention-15/air-pollutant-emissions-data-viewer-lrtap-convention-video/air-pollutant-emissions-data-viewer-lrtap-convention-video###http://www.eea.europa.eu/data-and-maps/data/national-emissions-reported-to-the-convention-on-long-range-transboundary-air-pollution-lrtap-convention-15/air-pollutant-emissions-data-viewer-lrtap-convention-manual/air-pollutant-emissions-data-viewer-lrtap-convention-manual;1990;2018;
82cfef53-8ed5-4a71-9641-24bc98d728c3;eea-data-and-maps-data-waterbase-transitional-coastal-and-marine-waters-11;Tabular;1 to 1;eea_t_trans-coastal-marine-waters_p_2015_v01_r00;Waterbase - Transitional, coastal and marine waters;https://www.eea.europa.eu/data-and-maps/data/waterbase-transitional-coastal-and-marine-waters-11/waterbase-tcm-microsoft-access-database-10-tables/waterbase_tcm_v9_mdb.zip###https://www.eea.europa.eu/data-and-maps/data/waterbase-transitional-coastal-and-marine-waters-11/waterbase-tcm-microsoft-access-database-10-tables/waterbase_tcm_v9_csv.zip###https://www.eea.europa.eu/data-and-maps/data/waterbase-transitional-coastal-and-marine-waters-11/code-lists/code-lists-csv-files###https://www.eea.europa.eu/data-and-maps/data/waterbase-transitional-coastal-and-marine-waters-11/qa-documentation/qa-documentation;2015;;
213d9a0f-ad40-487c-bc71-ded5fbb59572;eea-data-and-maps-data-greenhouse-gas-emission-projections-for-8;Tabular;1 to N;eea_t_ghg-emission-projections-2021_p_2021_v01_r00;Member States' greenhouse gas (GHG) emission projections, 2021;http://www.eea.europa.eu/data-and-maps/data/greenhouse-gas-emission-projections-for-8/2021-preliminary-ghg-projections-reported/ghg_projections_2021_preliminary_xlsx-including-pivot-chart###http://www.eea.europa.eu/data-and-maps/data/greenhouse-gas-emission-projections-for-8/2021-preliminary-ghg-projections-reported/ghg_projections_2021_preliminary_csv;2021;;
1cf71a5f-3d13-43cf-9a8b-c307fdbc2530;eea-data-and-maps-data-greenhouse-gas-emission-projections-for-8;Tabular;1 to N;eea_t_ghg-emission-projections-2020_p_2020_v01_r00;Member States' greenhouse gas (GHG) emission projections, 2020;http://www.eea.europa.eu/data-and-maps/data/greenhouse-gas-emission-projections-for-8/2020-ghg-projections-reported-and/ghg_projections_2020_csv###http://www.eea.europa.eu/data-and-maps/data/greenhouse-gas-emission-projections-for-8/2020-ghg-projections-reported-and/ghg_projections_2020_xlsx-including-pivot-chart;2020;;
c36239b1-48a1-4233-b0d2-32730bcc9660;eea-data-and-maps-data-greenhouse-gas-emission-projections-for-8;Tabular;1 to N;eea_t_ghg-emission-projections-2019_p_2019_v01_r00;Member States' greenhouse gas (GHG) emission projections, 2019;http://www.eea.europa.eu/data-and-maps/data/greenhouse-gas-emission-projections-for-8/copy_of_greenhouse-gas-emission-projections-in/ghg_projections_v4_xlsx###http://www.eea.europa.eu/data-and-maps/data/greenhouse-gas-emission-projections-for-8/copy_of_greenhouse-gas-emission-projections-in/ghg_projections_v4_csv###http://www.eea.europa.eu/data-and-maps/data/greenhouse-gas-emission-projections-for-8/copy_of_greenhouse-gas-emission-projections-in/ghg_projections_v4_mdb;2019;;
2888e38d-7b03-4266-b591-872713e65266;eea-data-and-maps-data-greenhouse-gas-emission-projections-for-8;Tabular;1 to N;eea_t_ghg-emission-projections-2018_p_2018_v01_r00;Member States' greenhouse gas (GHG) emission projections, 2018;http://www.eea.europa.eu/data-and-maps/data/greenhouse-gas-emission-projections-for-8/greenhouse-gas-emission-projections-in/ghg_projections_v4_csv###http://www.eea.europa.eu/data-and-maps/data/greenhouse-gas-emission-projections-for-8/greenhouse-gas-emission-projections-in/ghg_projections_v4_mdb###http://www.eea.europa.eu/data-and-maps/data/greenhouse-gas-emission-projections-for-8/greenhouse-gas-emission-projections-in/ghg_projections_v4_xlsx;2018;;
36793cdd-e380-49ba-b519-7eee9dd4e46d;eea-data-and-maps-data-greenhouse-gas-emission-projections-for-8;Tabular;1 to N;eea_t_ghg-emission-projections-2017_p_2017_v01_r00;Member States' greenhouse gas (GHG) emission projections, 2017;http://www.eea.europa.eu/data-and-maps/data/greenhouse-gas-emission-projections-for-8/greenhouse-gas-emission-projections-for-1/ghg_projections_v3_mdb###http://www.eea.europa.eu/data-and-maps/data/greenhouse-gas-emission-projections-for-8/greenhouse-gas-emission-projections-for-1/ghg_projections_v3_csv;2017;;
709cf3f9-f6fa-4ba6-a579-2ce6f3653893;eea-data-and-maps-data-greenhouse-gas-emission-projections-for-8;Tabular;1 to N;eea_t_ghg-emission-projections-2016_p_2016_v01_r00;Member States' greenhouse gas (GHG) emission projections, 2016;http://www.eea.europa.eu/data-and-maps/data/greenhouse-gas-emission-projections-for-8/greenhouse-gas-emission-projections-for/ghg_projections_v2_mdb###http://www.eea.europa.eu/data-and-maps/data/greenhouse-gas-emission-projections-for-8/greenhouse-gas-emission-projections-for/ghg_projections_v2_csv;2016;;
2a933ad8-eca1-4367-98f1-ba5d826242dd;eea-data-and-maps-data-digital-elevation-model-of-europe;Geospatial;1 to N;eea_r_4326_3_km_elevation-map-europe_p_2004_v01_r00;Elevation map of Europe (3km grid);http://www.eea.europa.eu/data-and-maps/data/digital-elevation-model-of-europe/3-km-x-3-km-zip-compressed-tiff-format-raster-data/3-km-x-3-km-zip-compressed-tiff-format-raster-data###http://www.eea.europa.eu/data-and-maps/data/digital-elevation-model-of-europe/coordinate-reference-system/coordinate-reference-system;2004;;
374f566b-6d4b-4a10-9c72-7d06579e724e;eea-data-and-maps-data-digital-elevation-model-of-europe;Geospatial;1 to N;eea_r_4326_9_km_elevation-map-europe_p_2004_v01_r00;Elevation map of Europe (9km grid);http://www.eea.europa.eu/data-and-maps/data/digital-elevation-model-of-europe/9-km-x-9-km-zip-compressed-tiff-format-raster-data/9-km-x-9-km-zip-compressed-tiff-format-raster-data###http://www.eea.europa.eu/data-and-maps/data/digital-elevation-model-of-europe/coordinate-reference-system/coordinate-reference-system;2004;;
cafa8ccf-d4d1-4b03-bc4e-681aae516730;eea-data-and-maps-data-digital-elevation-model-of-europe;Geospatial;1 to N;eea_r_4326_1_km_elevation-map-europe_p_2004_v01_r00;Elevation map of Europe (1km grid);http://www.eea.europa.eu/data-and-maps/data/digital-elevation-model-of-europe/1-km-x-1-km-zip-compressed-tiff-format-raster-data/1-km-x-1-km-zip-compressed-tiff-format-raster-data###http://www.eea.europa.eu/data-and-maps/data/digital-elevation-model-of-europe/coordinate-reference-system/coordinate-reference-system;2004;;
4808a4a8-b4a6-4e5f-9de9-ce62a603f707;eea-data-and-maps-data-digital-elevation-model-of-europe;Geospatial;1 to N;eea_r_4326_1_km_hillshade-elevation-map-europe_p_2004_v01_r00;Elevation map of Europe (1km hillshade);http://www.eea.europa.eu/data-and-maps/data/digital-elevation-model-of-europe/hillshade-1-km-x-1-km-zip-compressed-tiff-format-raster-data/hillshade-1-km-x-1-km-zip-compressed-tiff-format-raster-data###http://www.eea.europa.eu/data-and-maps/data/digital-elevation-model-of-europe/coordinate-reference-system/coordinate-reference-system;2004;;
3da48291-c717-495b-b4c2-6d82eea65e42;eea-data-and-maps-data-approximated-estimates-for-the-share-4;Tabular;1 to N;eea_t_res-proxies-2019_p_2018_v01_r00;Approximated estimates for the share of gross final consumption of renewable energy sources, 2019;http://www.eea.europa.eu/data-and-maps/data/approximated-estimates-for-the-share-4/eea-2017-res-share-proxies/2020-res_proxies_eea_csv;2018;;
9f8a80d5-7709-4d76-a3a9-678b77a4dd1e;eea-data-and-maps-data-approximated-estimates-for-the-share-4;Tabular;1 to N;eea_t_res-proxies-2020_p_2019_v01_r00;Approximated estimates for the share of gross final consumption of renewable energy sources, 2020;http://www.eea.europa.eu/data-and-maps/data/approximated-estimates-for-the-share-4/eea-2017-res-share-proxies/2016-res_proxies_eea_csv;2019;;
1e691a97-3337-4aec-a6af-e4857c3c9d1e;eea-data-and-maps-data-co2-cars-emission-20;Tabular;1 to N;eea_t_co2-emissions-cars-prov-2020_p_2020_v01_r00;Monitoring of CO2 emissions from passenger cars, 2020 - Provisional data;http://www.eea.europa.eu/data-and-maps/data/co2-cars-emission-20/co2-emissions-cars-2020-provisional/co2-emission-cars###http://www.eea.europa.eu/data-and-maps/data/co2-cars-emission-20/co2-emissions-cars-2020-provisional/co2-passenger-cars;2020;;-prov
429be28f-1606-4f94-928b-b803c7a25ca4;eea-data-and-maps-data-co2-cars-emission-20;Tabular;1 to N;eea_t_co2-emissions-cars-final-2019_p_2019_v01_r00;Monitoring of CO2 emissions from passenger cars, 2019 - Final data;http://www.eea.europa.eu/data-and-maps/data/co2-cars-emission-20/co2-emissions-cars-2019-final/co2-passenger-cars###http://www.eea.europa.eu/data-and-maps/data/co2-cars-emission-20/co2-emissions-cars-2019-final/co2-emission-cars;2019;;-final
48b3f28e-7660-4a2c-aa32-f92b2725c32a;eea-data-and-maps-data-co2-cars-emission-20;Tabular;1 to N;eea_t_co2-emissions-cars-prov-2019_p_2019_v01_r00;Monitoring of CO2 emissions from passenger cars, 2019 - Provisional data;http://www.eea.europa.eu/data-and-maps/data/co2-cars-emission-20/co2-emissions-cars-2019-provisional/co2-passenger-cars-v18-elastic###http://www.eea.europa.eu/data-and-maps/data/co2-cars-emission-20/co2-emissions-cars-2019-provisional/co2-emission-cars;2019;;-prov
9a67c386-5399-4ddc-b9ba-cfbb1304663c;eea-data-and-maps-data-co2-cars-emission-20;Tabular;1 to N;eea_t_co2-emissions-cars-final-2018_p_2018_v01_r00;Monitoring of CO2 emissions from passenger cars, 2018 - Final data;http://www.eea.europa.eu/data-and-maps/data/co2-cars-emission-20/co2-emissions-cars-2018-final/co2_passengers_cars_v18_csv.zip###http://www.eea.europa.eu/data-and-maps/data/co2-cars-emission-20/co2-emissions-cars-2018-final/co2-emission-cars###http://www.eea.europa.eu/data-and-maps/data/co2-cars-emission-20/co2-emissions-cars-2018-final/co2-passenger-cars-v18-elastic;2018;;-final
c8a5dca9-8997-4710-bd7a-2fe0a1ac2f8c;eea-data-and-maps-data-co2-cars-emission-20;Tabular;1 to N;eea_t_co2-emissions-cars-prov-2018_p_2018_v01_r00;Monitoring of CO2 emissions from passenger cars, 2018 - Provisional data;http://www.eea.europa.eu/data-and-maps/data/co2-cars-emission-20/co2-emissions-cars-2018-provisional/co2_passengers_cars_v17_csv.zip###;2018;;-prov
0a8985f6-af2d-44b7-ac88-a749da19a155;eea-data-and-maps-data-co2-cars-emission-20;Tabular;1 to N;eea_t_co2-emissions-cars-final-2017_p_2017_v01_r00;Monitoring of CO2 emissions from passenger cars, 2017 - Final data;http://www.eea.europa.eu/data-and-maps/data/co2-cars-emission-20/co2-emissions-cars-2017-final/co2_passengers_cars_v16_csv.zip;2017;;-final
e9cbe623-001a-4a76-ad40-562556be3025;eea-data-and-maps-data-co2-cars-emission-20;Tabular;1 to N;eea_t_co2-emissions-cars-prov-2017_p_2017_v01_r00;Monitoring of CO2 emissions from passenger cars, 2017 - Provisional data;http://www.eea.europa.eu/data-and-maps/data/co2-cars-emission-20/co2-emissions-cars-2017-provisional/co2_passengers_cars_v15_csv;2017;;-prov
1129c5fc-5af5-4c8f-b31e-dc740bd6e0f3;eea-data-and-maps-data-co2-cars-emission-20;Tabular;1 to N;eea_t_co2-emissions-cars-final-2016_p_2016_v01_r00;Monitoring of CO2 emissions from passenger cars, 2016 - Final data;http://www.eea.europa.eu/data-and-maps/data/co2-cars-emission-20/co2-emissions-cars-2016-final/co2_passenger_cars_v14_csv.zip###http://www.eea.europa.eu/data-and-maps/data/co2-cars-emission-20/co2-emissions-cars-2016-final/co2_passenger_cars_v14_mdb.zip;2016;;-final
5d263314-5e4b-4eac-a012-e6a156a9ee08;eea-data-and-maps-data-co2-cars-emission-20;Tabular;1 to N;eea_t_co2-emissions-cars-prov-2016_p_2016_v01_r00;Monitoring of CO2 emissions from passenger cars, 2016 - Provisional data;http://www.eea.europa.eu/data-and-maps/data/co2-cars-emission-20/monitoring-of-co2-emissions-from-2016-prov/co2_passenger_cars_v13_mdb.zip###http://www.eea.europa.eu/data-and-maps/data/co2-cars-emission-20/monitoring-of-co2-emissions-from-2016-prov/co2_passenger_cars_v13_csv.zip;2016;;-prov
770aa0a5-83ce-4663-93fa-78507f1990d6;eea-data-and-maps-data-co2-cars-emission-20;Tabular;1 to N;eea_t_co2-emissions-cars-final-2015_p_2015_v01_r00;Monitoring of CO2 emissions from passenger cars, 2015 - Final data;http://www.eea.europa.eu/data-and-maps/data/co2-cars-emission-20/monitoring-of-co2-emissions-from-2015-final/co2_passenger_cars_v12_mdb.zip###http://www.eea.europa.eu/data-and-maps/data/co2-cars-emission-20/monitoring-of-co2-emissions-from-2015-final/co2_passenger_cars_v12_csv.zip;2015;;-final
bcfe6665-23eb-4dbc-9b01-dedc586859d0;eea-data-and-maps-data-co2-cars-emission-20;Tabular;1 to N;eea_t_co2-emissions-cars-prov-2015_p_2015_v01_r00;Monitoring of CO2 emissions from passenger cars, 2015 - Provisional data;http://www.eea.europa.eu/data-and-maps/data/co2-cars-emission-20/monitoring-of-co2-emissions-from-2015-prov/co2_passenger_cars_v11_mdb.zip###http://www.eea.europa.eu/data-and-maps/data/co2-cars-emission-20/monitoring-of-co2-emissions-from-2015-prov/co2_passenger_cars_v11_csv.zip;2015;;-prov
af267be7-eebd-4c1a-ba24-b10a51201f47;eea-data-and-maps-data-co2-cars-emission-20;Tabular;1 to N;eea_t_co2-emissions-cars-final-2014_p_2014_v01_r00;Monitoring of CO2 emissions from passenger cars, 2014 - Final data;http://www.eea.europa.eu/data-and-maps/data/co2-cars-emission-20/monitoring-of-co2-emissions-from-2014-final/co2_passenger_cars_v10_csv.zip###http://www.eea.europa.eu/data-and-maps/data/co2-cars-emission-20/monitoring-of-co2-emissions-from-2014-final/co2_passenger_cars_v10_mdb.zip;2014;;-final
8f3ba8b7-8910-45b7-ab99-f348df693189;eea-data-and-maps-data-co2-cars-emission-20;Tabular;1 to N;eea_t_co2-emissions-cars-prov-2014_p_2014_v01_r00;Monitoring of CO2 emissions from passenger cars, 2014 - Provisional data;http://www.eea.europa.eu/data-and-maps/data/co2-cars-emission-20/monitoring-of-co2-emissions-from-2014-prov/co2_passenger_cars_v9_csv.zip###http://www.eea.europa.eu/data-and-maps/data/co2-cars-emission-20/monitoring-of-co2-emissions-from-2014-prov/co2_passenger_cars_v9_mdb.zip;2014;;-prov
b9de889e-1434-4a8f-a93a-c17ef6a07527;eea-data-and-maps-data-co2-cars-emission-20;Tabular;1 to N;eea_t_co2-emissions-cars-final-2013_p_2013_v01_r00;Monitoring of CO2 emissions from passenger cars, 2013 - Final data;http://www.eea.europa.eu/data-and-maps/data/co2-cars-emission-20/monitoring-of-co2-emissions-from-2013-final/co2_passenger_cars_v8_csv.zip###http://www.eea.europa.eu/data-and-maps/data/co2-cars-emission-20/monitoring-of-co2-emissions-from-2013-final/co2_passenger_cars_v8_mdb.zip;2013;;-final
37fc9eff-9a33-47dc-9b69-831334d5aa14;eea-data-and-maps-data-co2-cars-emission-20;Tabular;1 to N;eea_t_co2-emissions-cars-prov-2013_p_2013_v01_r00;Monitoring of CO2 emissions from passenger cars, 2013 - Provisional data;http://www.eea.europa.eu/data-and-maps/data/co2-cars-emission-20/monitoring-of-co2-emissions-from-2013-prov/co2_passenger_cars_v7_csv.zip###http://www.eea.europa.eu/data-and-maps/data/co2-cars-emission-20/monitoring-of-co2-emissions-from-2013-prov/co2_passenger_cars_v7_mdb.zip;2013;;-prov
5380e9bd-18e9-4bf9-b26b-f985f2c5f99e;eea-data-and-maps-data-co2-cars-emission-20;Tabular;1 to N;eea_t_co2-emissions-cars-final-2012_p_2012_v01_r00;Monitoring of CO2 emissions from passenger cars, 2012 - Final data;http://www.eea.europa.eu/data-and-maps/data/co2-cars-emission-20/monitoring-of-co2-emissions-from-2012-final/CO2-passenger-cars-v6-csv###http://www.eea.europa.eu/data-and-maps/data/co2-cars-emission-20/monitoring-of-co2-emissions-from-2012-final/CO2-passenger-cars-v6-mdb;2012;;-final
bbf87016-2cb2-41ad-8b83-80df429572ae;eea-data-and-maps-data-co2-cars-emission-20;Tabular;1 to N;eea_t_co2-emissions-cars-prov-2012_p_2012_v01_r00;Monitoring of CO2 emissions from passenger cars, 2012 - Provisional data;http://www.eea.europa.eu/data-and-maps/data/co2-cars-emission-20/monitoring-of-co2-emissions-from-2012-prov/CO2-passenger-cars-v5-csv###http://www.eea.europa.eu/data-and-maps/data/co2-cars-emission-20/monitoring-of-co2-emissions-from-2012-prov/CO2-passenger-cars-v5-mdb;2012;;-prov
665f2a8b-2993-4071-92f5-dde5a47dfd42;eea-data-and-maps-data-co2-cars-emission-20;Tabular;1 to N;eea_t_co2-emissions-cars-final-2011_p_2011_v01_r00;Monitoring of CO2 emissions from passenger cars, 2011 - Final data;http://www.eea.europa.eu/data-and-maps/data/co2-cars-emission-20/monitoring-of-co2-emissions-from-2011-final/ascii-delimited-zip###http://www.eea.europa.eu/data-and-maps/data/co2-cars-emission-20/monitoring-of-co2-emissions-from-2011-final/microsoft-access-format-zip;2011;;-final
3456c805-32c1-4bf7-82cb-767247635c7a;eea-data-and-maps-data-co2-cars-emission-20;Tabular;1 to N;eea_t_co2-emissions-cars-prov-2011_p_2011_v01_r00;Monitoring of CO2 emissions from passenger cars, 2011 - Provisional data;http://www.eea.europa.eu/data-and-maps/data/co2-cars-emission-20/monitoring-of-co2-emissions-from-2011-prov/CO2_passenger_cars_v3_csv###http://www.eea.europa.eu/data-and-maps/data/co2-cars-emission-20/monitoring-of-co2-emissions-from-2011-prov/CO2_passenger_cars_v3_mdb;2011;;-prov
baa86df2-86b4-4339-b709-25d9b20f9301;eea-data-and-maps-data-co2-cars-emission-20;Tabular;1 to N;eea_t_co2-emissions-cars-final-2010_p_2010_v01_r00;Monitoring of CO2 emissions from passenger cars, 2010 - Final data;http://www.eea.europa.eu/data-and-maps/data/co2-cars-emission-20/monitoring-of-co2-emissions-from-2010-final/microsoft-access-format-zip###http://www.eea.europa.eu/data-and-maps/data/co2-cars-emission-20/monitoring-of-co2-emissions-from-2010-final/ascii-delimited-zip;2010;;-final
1c7f57b3-83a0-44a3-973e-0a5bfa811d87;eea-data-and-maps-data-co2-cars-emission-20;Tabular;1 to N;eea_t_co2-emissions-cars-prov-2010_p_2010_v01_r00;Monitoring of CO2 emissions from passenger cars, 2010 - Provisional data;http://www.eea.europa.eu/data-and-maps/data/co2-cars-emission-20/monitoring-of-co2-emissions-from-2010-prov/microsoft-access-format-zip###http://www.eea.europa.eu/data-and-maps/data/co2-cars-emission-20/monitoring-of-co2-emissions-from-2010-prov/ascii-delimited-zip;2010;;-prov
7f4518b3-01e3-4bf0-8817-bfc2fa75c91d;eea-data-and-maps-data-interpolated-air-quality-data-2;Geospatial;1 to N;eea_v_3035_1_km_aq-interpolated-2015_p_2015_v01_r00;Interpolated air quality data, 2015;http://www.eea.europa.eu/data-and-maps/data/interpolated-air-quality-data-2/the-zipped-folder-contains-gis-shape-files-with-interpolated-air-quality-data/2015-spatialite-rasterlite###http://www.eea.europa.eu/data-and-maps/data/interpolated-air-quality-data-2/the-zipped-folder-contains-gis-shape-files-with-interpolated-air-quality-data/2015-shapefile###http://www.eea.europa.eu/data-and-maps/data/interpolated-air-quality-data-2/class-breaks/encoding-cpg-utf-8###http://www.eea.europa.eu/data-and-maps/data/interpolated-air-quality-data-2/class-breaks/esri-compliant-prj-file###http://www.eea.europa.eu/data-and-maps/data/interpolated-air-quality-data-2/class-breaks/class-breaks;2015;;
73f85cb0-3b28-4acb-982d-8c186dec8969;eea-data-and-maps-data-interpolated-air-quality-data-2;Geospatial;1 to N;eea_v_3035_1_km_aq-interpolated-2014_p_2014_v01_r00;Interpolated air quality data, 2014;http://www.eea.europa.eu/data-and-maps/data/interpolated-air-quality-data-2/the-zipped-folder-contains-gis-shape-files-with-interpolated-air-quality-data/2014-spatialite-rasterlite###http://www.eea.europa.eu/data-and-maps/data/interpolated-air-quality-data-2/the-zipped-folder-contains-gis-shape-files-with-interpolated-air-quality-data/2014-shapefile###http://www.eea.europa.eu/data-and-maps/data/interpolated-air-quality-data-2/class-breaks/encoding-cpg-utf-8###http://www.eea.europa.eu/data-and-maps/data/interpolated-air-quality-data-2/class-breaks/esri-compliant-prj-file###http://www.eea.europa.eu/data-and-maps/data/interpolated-air-quality-data-2/class-breaks/class-breaks;2014;;
a211df06-abf5-43ca-8a9b-d6cf3c50a974;eea-data-and-maps-data-interpolated-air-quality-data-2;Geospatial;1 to N;eea_v_3035_1_km_aq-interpolated-2013_p_2013_v01_r00;Interpolated air quality data, 2013;http://www.eea.europa.eu/data-and-maps/data/interpolated-air-quality-data-2/the-zipped-folder-contains-gis-shape-files-with-interpolated-air-quality-data/2013-spatialite-rasterlite###http://www.eea.europa.eu/data-and-maps/data/interpolated-air-quality-data-2/the-zipped-folder-contains-gis-shape-files-with-interpolated-air-quality-data/2013-shapefile###http://www.eea.europa.eu/data-and-maps/data/interpolated-air-quality-data-2/class-breaks/encoding-cpg-utf-8###http://www.eea.europa.eu/data-and-maps/data/interpolated-air-quality-data-2/class-breaks/esri-compliant-prj-file###http://www.eea.europa.eu/data-and-maps/data/interpolated-air-quality-data-2/class-breaks/class-breaks;2013;;
5271ce7c-362a-4432-b786-0771fa192d20;eea-data-and-maps-data-interpolated-air-quality-data-2;Geospatial;1 to N;eea_v_3035_1_km_aq-interpolated-2012_p_2012_v01_r00;Interpolated air quality data, 2012;http://www.eea.europa.eu/data-and-maps/data/interpolated-air-quality-data-2/the-zipped-folder-contains-gis-shape-files-with-interpolated-air-quality-data/2012-spatialite-rasterlite###http://www.eea.europa.eu/data-and-maps/data/interpolated-air-quality-data-2/the-zipped-folder-contains-gis-shape-files-with-interpolated-air-quality-data/2012-shapefile###http://www.eea.europa.eu/data-and-maps/data/interpolated-air-quality-data-2/class-breaks/encoding-cpg-utf-8###http://www.eea.europa.eu/data-and-maps/data/interpolated-air-quality-data-2/class-breaks/esri-compliant-prj-file###http://www.eea.europa.eu/data-and-maps/data/interpolated-air-quality-data-2/class-breaks/class-breaks;2012;;
20c01def-7078-4620-ad34-04a0d40e3185;eea-data-and-maps-data-interpolated-air-quality-data-2;Geospatial;1 to N;eea_v_3035_1_km_aq-interpolated-2011_p_2011_v01_r00;Interpolated air quality data, 2011;http://www.eea.europa.eu/data-and-maps/data/interpolated-air-quality-data-2/the-zipped-folder-contains-gis-shape-files-with-interpolated-air-quality-data/2011-spatialite-rasterlite###http://www.eea.europa.eu/data-and-maps/data/interpolated-air-quality-data-2/the-zipped-folder-contains-gis-shape-files-with-interpolated-air-quality-data/2011-shapefile###http://www.eea.europa.eu/data-and-maps/data/interpolated-air-quality-data-2/class-breaks/encoding-cpg-utf-8###http://www.eea.europa.eu/data-and-maps/data/interpolated-air-quality-data-2/class-breaks/esri-compliant-prj-file###http://www.eea.europa.eu/data-and-maps/data/interpolated-air-quality-data-2/class-breaks/class-breaks;2011;;
9ccce82a-e0ea-4492-a331-1d86fe4d6772;eea-data-and-maps-data-interpolated-air-quality-data-2;Geospatial;1 to N;eea_v_3035_1_km_aq-interpolated-2010_p_2010_v01_r00;Interpolated air quality data, 2010;http://www.eea.europa.eu/data-and-maps/data/interpolated-air-quality-data-2/the-zipped-folder-contains-gis-shape-files-with-interpolated-air-quality-data/2010-spatialite-rasterlite###http://www.eea.europa.eu/data-and-maps/data/interpolated-air-quality-data-2/the-zipped-folder-contains-gis-shape-files-with-interpolated-air-quality-data/2010-shapefile###http://www.eea.europa.eu/data-and-maps/data/interpolated-air-quality-data-2/class-breaks/encoding-cpg-utf-8###http://www.eea.europa.eu/data-and-maps/data/interpolated-air-quality-data-2/class-breaks/esri-compliant-prj-file###http://www.eea.europa.eu/data-and-maps/data/interpolated-air-quality-data-2/class-breaks/class-breaks;2010;;
424c167e-50c0-4d5c-a80e-2e2b8cdab874;eea-data-and-maps-data-interpolated-air-quality-data-2;Geospatial;1 to N;eea_v_3035_1_km_aq-interpolated-2009_p_2009_v01_r00;Interpolated air quality data, 2009;http://www.eea.europa.eu/data-and-maps/data/interpolated-air-quality-data-2/the-zipped-folder-contains-gis-shape-files-with-interpolated-air-quality-data/2009-spatialite-rasterlite###http://www.eea.europa.eu/data-and-maps/data/interpolated-air-quality-data-2/the-zipped-folder-contains-gis-shape-files-with-interpolated-air-quality-data/2009-shapefile###http://www.eea.europa.eu/data-and-maps/data/interpolated-air-quality-data-2/class-breaks/encoding-cpg-utf-8###http://www.eea.europa.eu/data-and-maps/data/interpolated-air-quality-data-2/class-breaks/esri-compliant-prj-file###http://www.eea.europa.eu/data-and-maps/data/interpolated-air-quality-data-2/class-breaks/class-breaks;2009;;
756c6287-6111-4035-83f0-2f4f74cd6487;eea-data-and-maps-data-interpolated-air-quality-data-2;Geospatial;1 to N;eea_v_3035_1_km_aq-interpolated-2008_p_2008_v01_r00;Interpolated air quality data, 2008;http://www.eea.europa.eu/data-and-maps/data/interpolated-air-quality-data-2/the-zipped-folder-contains-gis-shape-files-with-interpolated-air-quality-data/2008-spatialite-rasterlite###http://www.eea.europa.eu/data-and-maps/data/interpolated-air-quality-data-2/the-zipped-folder-contains-gis-shape-files-with-interpolated-air-quality-data/2008-shapefile###http://www.eea.europa.eu/data-and-maps/data/interpolated-air-quality-data-2/class-breaks/encoding-cpg-utf-8###http://www.eea.europa.eu/data-and-maps/data/interpolated-air-quality-data-2/class-breaks/esri-compliant-prj-file###http://www.eea.europa.eu/data-and-maps/data/interpolated-air-quality-data-2/class-breaks/class-breaks;2008;;
8bf1af32-b760-4e0f-8644-b9579cd6991a;eea-data-and-maps-data-interpolated-air-quality-data-2;Geospatial;1 to N;eea_v_3035_1_km_aq-interpolated-2007_p_2007_v01_r00;Interpolated air quality data, 2007;http://www.eea.europa.eu/data-and-maps/data/interpolated-air-quality-data-2/the-zipped-folder-contains-gis-shape-files-with-interpolated-air-quality-data/2007-spatialite-rasterlite###http://www.eea.europa.eu/data-and-maps/data/interpolated-air-quality-data-2/the-zipped-folder-contains-gis-shape-files-with-interpolated-air-quality-data/2007-shapefile###http://www.eea.europa.eu/data-and-maps/data/interpolated-air-quality-data-2/class-breaks/encoding-cpg-utf-8###http://www.eea.europa.eu/data-and-maps/data/interpolated-air-quality-data-2/class-breaks/esri-compliant-prj-file###http://www.eea.europa.eu/data-and-maps/data/interpolated-air-quality-data-2/class-breaks/class-breaks;2007;;
a3d3fd7e-c307-4eb7-9d93-9029bd7b03f1;eea-data-and-maps-data-interpolated-air-quality-data-2;Geospatial;1 to N;eea_v_3035_1_km_aq-interpolated-2006_p_2006_v01_r00;Interpolated air quality data, 2006;http://www.eea.europa.eu/data-and-maps/data/interpolated-air-quality-data-2/the-zipped-folder-contains-gis-shape-files-with-interpolated-air-quality-data/2006-spatialite-rasterlite###http://www.eea.europa.eu/data-and-maps/data/interpolated-air-quality-data-2/the-zipped-folder-contains-gis-shape-files-with-interpolated-air-quality-data/2006-shapefile###http://www.eea.europa.eu/data-and-maps/data/interpolated-air-quality-data-2/class-breaks/encoding-cpg-utf-8###http://www.eea.europa.eu/data-and-maps/data/interpolated-air-quality-data-2/class-breaks/esri-compliant-prj-file###http://www.eea.europa.eu/data-and-maps/data/interpolated-air-quality-data-2/class-breaks/class-breaks;2006;;
b426c09c-bc15-4bee-817b-46ea1caeb4be;eea-data-and-maps-data-esd-3;Tabular;1 to N;eea_t_esd-2021_p_2005-2020_v01_r00;Greenhouse gas emissions under the Effort Sharing Decision, 2005-2020;http://www.eea.europa.eu/data-and-maps/data/esd-3/esd-dataset-2021-for-the/ghd_esd_2021;2005;2020;
09c4d01a-e1bf-4e38-8a34-3805c009f875;eea-data-and-maps-data-esd-3;Tabular;1 to N;eea_t_esd-2020_p_2005-2019_v01_r00;Greenhouse gas emissions under the Effort Sharing Decision, 2005-2019;http://www.eea.europa.eu/data-and-maps/data/esd-3/esd-dataset-2020-for-the/ghg_esd.xlsx###http://www.eea.europa.eu/data-and-maps/data/esd-3/esd-dataset-2020-for-the/ghg_esd.csv;2005;2019;
185a4cd8-d2f2-4a50-9d13-2af4c9313c2b;eea-data-and-maps-data-esd-3;Tabular;1 to N;eea_t_esd-2019_p_2005-2018_v01_r00;Greenhouse gas emissions under the Effort Sharing Decision, 2005-2018;http://www.eea.europa.eu/data-and-maps/data/esd-3/esd-dataset-2019-for-the/ghg_esd.xlsx###http://www.eea.europa.eu/data-and-maps/data/esd-3/esd-dataset-2019-for-the/ghg_esd.csv;2005;2018;
cf402e93-fd96-4a14-ba94-d6baaecf4897;eea-data-and-maps-data-esd-3;Tabular;1 to N;eea_t_esd-2018_p_2005-2017_v01_r00;Greenhouse gas emissions under the Effort Sharing Decision, 2005-2017;http://www.eea.europa.eu/data-and-maps/data/esd-3/esd-dataset-2018-for-the/ghg_esd.xlsx###http://www.eea.europa.eu/data-and-maps/data/esd-3/esd-dataset-2018-for-the/ghg_esd.csv;2005;2017;
032671b6-e939-4150-b6f6-015a128ea4d5;eea-data-and-maps-data-esd-3;Tabular;1 to N;eea_t_esd-2017_p_2005-2016_v01_r00;Greenhouse gas emissions under the Effort Sharing Decision, 2005-2016;http://www.eea.europa.eu/data-and-maps/data/esd-3/esd.xlsx/ghg_esd.csv###http://www.eea.europa.eu/data-and-maps/data/esd-3/esd.xlsx/ghg_exd.xlsx;2005;2016;
a0fc56f2-dc5d-4ab6-847f-01fbb363b892;eea-data-and-maps-data-vans-16;Tabular;1 to N;eea_t_co2-emissions-vans-prov-2020_p_2020_v01_r00;Monitoring of CO2 emissions from vans, 2020 - Provisional;http://www.eea.europa.eu/data-and-maps/data/vans-16/monitoring-of-co2-emissions-vans-2020-preliminary/co2_vans_v17_csv.zip###http://www.eea.europa.eu/data-and-maps/data/vans-16/monitoring-of-co2-emissions-vans-2020-preliminary/co2_vans_v17_mdb.zip;2020;;-prov
e6ebb512-a163-4583-9ec1-c04d5bae16c2;eea-data-and-maps-data-vans-16;Tabular;1 to N;eea_t_co2-emissions-vans-final-2019_p_2019_v01_r00;Monitoring of CO2 emissions from vans, 2019 - Final;http://www.eea.europa.eu/data-and-maps/data/vans-16/monitoring-of-co2-emissions-vans-2019-final/co2_vans_v16_mdb.zip###http://www.eea.europa.eu/data-and-maps/data/vans-16/monitoring-of-co2-emissions-vans-2019-final/co2_vans_v16_csv.zip;2019;;-final
fc909209-691c-4ed3-862b-80a9a61cda5e;eea-data-and-maps-data-vans-16;Tabular;1 to N;eea_t_co2-emissions-vans-prov-2019_p_2019_v01_r00;Monitoring of CO2 emissions from vans, 2019 - Provisional;http://www.eea.europa.eu/data-and-maps/data/vans-16/monitoring-of-co2-emissions-vans-2019-provisional/co2_vans_v15_mdb.zip###http://www.eea.europa.eu/data-and-maps/data/vans-16/monitoring-of-co2-emissions-vans-2019-provisional/co2_vans_v15_csv.zip;2019;;-prov
b0dbbd0d-ebae-4801-8bef-0349ba6895fe;eea-data-and-maps-data-vans-16;Tabular;1 to N;eea_t_co2-emissions-vans-final-2018_p_2018_v01_r00;Monitoring of CO2 emissions from vans, 2018 - Final;http://www.eea.europa.eu/data-and-maps/data/vans-16/monitoring-of-co2-emissions-vans-2018-final/co2_vans_v14_mdb.zip###http://www.eea.europa.eu/data-and-maps/data/vans-16/monitoring-of-co2-emissions-vans-2018-final/co2_vans_v14_csv.zip;2018;;-final
fffe4aef-cf64-4b4f-8c3d-8c54c1f510b1;eea-data-and-maps-data-vans-16;Tabular;1 to N;eea_t_co2-emissions-vans-prov-2018_p_2018_v01_r00;Monitoring of CO2 emissions from vans, 2018 - Provisional;http://www.eea.europa.eu/data-and-maps/data/vans-16/monitoring-of-co2-emissions-vans-2018-provisional/co2_vans_v13_mdb.zip###http://www.eea.europa.eu/data-and-maps/data/vans-16/monitoring-of-co2-emissions-vans-2018-provisional/co2_vans_v13_csv.zip;2018;;-prov
67c42df8-3220-4b61-b84f-bbf36567685d;eea-data-and-maps-data-vans-16;Tabular;1 to N;eea_t_co2-emissions-vans-final-2017_p_2017_v01_r00;Monitoring of CO2 emissions from vans, 2017 - Final;http://www.eea.europa.eu/data-and-maps/data/vans-16/monitoring-of-co2-emissions-vans-2017-final/co2_vans_v12_csv.zip-1###http://www.eea.europa.eu/data-and-maps/data/vans-16/monitoring-of-co2-emissions-vans-2017-final/co2_vans_v12_mdb.zip;2017;;-final
29ee6f9e-b57d-49ab-b9d6-c6b2d334179f;eea-data-and-maps-data-vans-16;Tabular;1 to N;eea_t_co2-emissions-vans-prov-2017_p_2017_v01_r00;Monitoring of CO2 emissions from vans, 2017 - Provisional;http://www.eea.europa.eu/data-and-maps/data/vans-16/monitoring-of-co2-emissions-vans-2017-provisional/co2_vans_v11_mdb.zip###http://www.eea.europa.eu/data-and-maps/data/vans-16/monitoring-of-co2-emissions-vans-2017-provisional/co2_vans_v11_csv.zip;2017;;-prov
0642c3c2-f5e6-4f31-b37e-d3a6906d89a1;eea-data-and-maps-data-vans-16;Tabular;1 to N;eea_t_co2-emissions-vans-final-2016_p_2016_v01_r00;Monitoring of CO2 emissions from vans, 2016 - Final;http://www.eea.europa.eu/data-and-maps/data/vans-16/monitoring-of-co2-emissions-vans-2016-final/co2_vans_v10_csv.zip###http://www.eea.europa.eu/data-and-maps/data/vans-16/monitoring-of-co2-emissions-vans-2016-final/co2_vans_v10_mdb.zip;2016;;-final
3ca05e66-1302-41f3-930f-ba7d22dbb105;eea-data-and-maps-data-vans-16;Tabular;1 to N;eea_t_co2-emissions-vans-prov-2016_p_2016_v01_r00;Monitoring of CO2 emissions from vans, 2016 - Provisional;http://www.eea.europa.eu/data-and-maps/data/vans-16/monitoring-of-co2-emissions-vans-2016-provisional/co2_vans_v9_mdb.zip###http://www.eea.europa.eu/data-and-maps/data/vans-16/monitoring-of-co2-emissions-vans-2016-provisional/co2_vans_v9_csv.zip;2016;;-prov
16d992f0-df17-4a85-b9d5-f459e780e5fd;eea-data-and-maps-data-vans-16;Tabular;1 to N;eea_t_co2-emissions-vans-final-2015_p_2015_v01_r00;Monitoring of CO2 emissions from vans, 2015 - Final;http://www.eea.europa.eu/data-and-maps/data/vans-16/monitoring-of-co2-emissions-vans-2015-final/co2_vans_v8_mdb.zip###http://www.eea.europa.eu/data-and-maps/data/vans-16/monitoring-of-co2-emissions-vans-2015-final/co2_vans_v8_csv.zip;2015;;-final
bd48c6e6-6fbf-46e7-9615-61981997c747;eea-data-and-maps-data-vans-16;Tabular;1 to N;eea_t_co2-emissions-vans-prov-2015_p_2015_v01_r00;Monitoring of CO2 emissions from vans, 2015 - Provisional;http://www.eea.europa.eu/data-and-maps/data/vans-16/monitoring-of-co2-emissions-from-2/co2_vans_v7_csv.zip###http://www.eea.europa.eu/data-and-maps/data/vans-16/monitoring-of-co2-emissions-from-2/co2_vans_v7_mdb.zip;2015;;-prov
c7b16efe-3734-43d7-b87c-22e22a1f84b7;eea-data-and-maps-data-vans-16;Tabular;1 to N;eea_t_co2-emissions-vans-final-2014_p_2014_v01_r00;Monitoring of CO2 emissions from vans, 2014 - Final;http://www.eea.europa.eu/data-and-maps/data/vans-16/monitoring-of-co2-emissions-from-1/co2_vans_v6_csv.zip###http://www.eea.europa.eu/data-and-maps/data/vans-16/monitoring-of-co2-emissions-from-1/co2_vans_v6_mdb.zip;2014;;-final
3abf4c8c-1471-41d3-8058-f24ee9b9e75f;eea-data-and-maps-data-vans-16;Tabular;1 to N;eea_t_co2-emissions-vans-prov-2014_p_2014_v01_r00;Monitoring of CO2 emissions from vans, 2014 - Provisional;http://www.eea.europa.eu/data-and-maps/data/vans-16/monitoring-of-co2-emissions-from/co2_vans_v5_csv.zip###http://www.eea.europa.eu/data-and-maps/data/vans-16/monitoring-of-co2-emissions-from/co2_vans_v5_mdb.zip;2014;;-prov
7a628a6f-90cc-44fb-95f1-53ccf43402b5;eea-data-and-maps-data-vans-16;Tabular;1 to N;eea_t_co2-emissions-vans-final-2013_p_2013_v01_r00;Monitoring of CO2 emissions from vans, 2013 - Final;http://www.eea.europa.eu/data-and-maps/data/vans-16/monitoring-vans-co2-emissions_2013f/co2_vans_v4_csv.zip###http://www.eea.europa.eu/data-and-maps/data/vans-16/monitoring-vans-co2-emissions_2013f/co2_vans_v4_mdb.zip;2013;;-final
7527ce41-f7ec-4875-a44e-0ad1715d0913;eea-data-and-maps-data-vans-16;Tabular;1 to N;eea_t_co2-emissions-vans-prov-2013_p_2013_v01_r00;Monitoring of CO2 emissions from vans, 2013 - Provisional;http://www.eea.europa.eu/data-and-maps/data/vans-16/monitoring-vans-co2-emissions_2013p/co2_vans_v3_mdb###http://www.eea.europa.eu/data-and-maps/data/vans-16/monitoring-vans-co2-emissions_2013p/co2_vans_v3_csv;2013;;-prov
af06d6f3-546e-48f8-9ff5-2e1e696631b1;eea-data-and-maps-data-vans-16;Tabular;1 to N;eea_t_co2-emissions-vans-final-2012_p_2012_v01_r00;Monitoring of CO2 emissions from vans, 2012 - Final;http://www.eea.europa.eu/data-and-maps/data/vans-16/monitoring-vans-co2-emissions_2012f/co2_vans_v2_mdb###http://www.eea.europa.eu/data-and-maps/data/vans-16/monitoring-vans-co2-emissions_2012f/co2_vans_v2_csv;2012;;-final
10e8a7da-ecc3-435c-810e-cc564001c0ee;eea-data-and-maps-data-vans-16;Tabular;1 to N;eea_t_co2-emissions-vans-prov-2012_p_2012_v01_r00;Monitoring of CO2 emissions from vans, 2012 - Provisional;http://www.eea.europa.eu/data-and-maps/data/vans-16/monitoring-vans-co2-emissions_2012p/co2_vans_v1_mdb.zip###http://www.eea.europa.eu/data-and-maps/data/vans-16/monitoring-vans-co2-emissions_2012p/co2_vans_v1_csv.zip;2012;;-prov
1a955729-0e7f-41dd-8353-dc657d47f9c3;eea-data-and-maps-data-data-on-noise-exposure-8;Tabular;1 to N;eea_t_noise-exposure-2007_p_2006_v01_r00;Reported data on noise exposure covered by Directive 2002/49/EC, 2007;http://www.eea.europa.eu/data-and-maps/data/data-on-noise-exposure-8/noise-exposure-information-under-the/end_df4_results_2007_210101###https://cmshare.eea.europa.eu/s/wjSxkbkNnswJiSf/download;2006;;
6be0fd3e-e158-4ce5-85d6-282dd14ac1af;eea-data-and-maps-data-data-on-noise-exposure-8;Tabular;1 to N;eea_t_noise-exposure-2012_p_2011_v01_r00;Reported data on noise exposure covered by Directive 2002/49/EC, 2012;http://www.eea.europa.eu/data-and-maps/data/data-on-noise-exposure-8/noise-exposure-information-under-the/end_df4_df8_results_2012_210101###https://cmshare.eea.europa.eu/s/BmbWKraCGKyENFe/download;2011;;
c341fea8-8bb5-4dbf-9a1b-bac8ac80d780;eea-data-and-maps-data-data-on-noise-exposure-8;Tabular;1 to N;eea_t_noise-exposure-2017_p_2016_v01_r00;Reported data on noise exposure covered by Directive 2002/49/EC, 2017;http://www.eea.europa.eu/data-and-maps/data/data-on-noise-exposure-8/noise-exposure-information-under-the/end_df4_df8_results_2017_210101###https://cmshare.eea.europa.eu/s/wjSxkbkNnswJiSf/download;2016;;
ec7fbe75-5641-4fac-94bd-1c3a2072c84e;eea-data-and-maps-data-approximated-estimates-for-the-primary-4;Tabular;1 to N;eea_t_proxies-primary-consumption-2020_p_2020_v01_r00;EEA 2020 proxies on primary and final energy consumption;http://www.eea.europa.eu/data-and-maps/data/approximated-estimates-for-the-primary-4/eea-2020-proxies-on-primary/2020-proxies-pec2020-2030-fec2020;2020;;
cf139376-c565-4399-8598-e0141850a5e6;eea-data-and-maps-data-approximated-estimates-for-the-primary-4;Tabular;1 to N;eea_t_proxies-primary-consumption-2019_p_2019_v01_r00;EEA 2019 proxies on primary and final energy consumption;http://www.eea.europa.eu/data-and-maps/data/approximated-estimates-for-the-primary-4/eea-proxies-on-final-1/proxies_fec_eea_csv;2019;;
b8677cca-1807-4d5f-9af9-c5d6df304a01;eea-data-and-maps-data-approximated-estimates-for-the-primary-4;Tabular;1 to N;eea_t_proxies-primary-consumption-2018_p_2018_v01_r00;EEA 2018 proxies on primary and final energy consumption;http://www.eea.europa.eu/data-and-maps/data/approximated-estimates-for-the-primary-4/eea-2018-proxies-on-primary/2018-proxies-pec2020-2030-fec2020;2018;;
f3bbdad5-96f5-48d8-8bcf-23d5b85461f9;eea-data-and-maps-data-approximated-estimates-for-the-primary-4;Tabular;1 to N;eea_t_proxies-primary-consumption-2017_p_2017_v01_r00;EEA 2017 proxies on primary energy consumption;http://www.eea.europa.eu/data-and-maps/data/approximated-estimates-for-the-primary-4/eea-proxies-on-primary/proxies_pec_eea_csv;2017;;
7a2ab8f0-1f71-4370-b250-5d047720e72e;eea-data-and-maps-data-climate-change-mitigation-policies-and-measures-1;Tabular;1 to N;eea_t_climate-change-mitigation-pam_p_2021_v06_r00;Climate change mitigation policies and measures (PaM), 2021;http://www.eea.europa.eu/data-and-maps/data/climate-change-mitigation-policies-and-measures-1/pam-table/climate-change-mitigation-policies-and-5###https://www.eea.europa.eu/data-and-maps/pam;2021;;
a0dbdf7d-f883-4d87-b1a5-72fd3f93e5e2;eea-data-and-maps-data-climate-change-mitigation-policies-and-measures-1;Tabular;1 to N;eea_t_climate-change-mitigation-pam_p_2020_v05_r00;Climate change mitigation policies and measures (PaM), 2020;http://www.eea.europa.eu/data-and-maps/data/climate-change-mitigation-policies-and-measures-1/pam-table/climate-change-mitigation-policies-and-4###https://www.eea.europa.eu/data-and-maps/pam;2020;;
e7967ccf-26f0-4758-8afc-5d1ff5b50577;eea-data-and-maps-data-climate-change-mitigation-policies-and-measures-1;Tabular;1 to N;eea_t_climate-change-mitigation-pam_p_2019_v04_r00;Climate change mitigation policies and measures (PaM), 2019;http://www.eea.europa.eu/data-and-maps/data/climate-change-mitigation-policies-and-measures-1/pam-table/pam-data-2019###https://www.eea.europa.eu/data-and-maps/pam;2019;;
cd78be0f-cadb-4027-8b02-6853ecf91137;eea-data-and-maps-data-climate-change-mitigation-policies-and-measures-1;Tabular;1 to N;eea_t_climate-change-mitigation-pam_p_2018_v03_r00;Climate change mitigation policies and measures (PaM), 2018;https://www.eea.europa.eu/data-and-maps/data/climate-change-mitigation-policies-and-measures-1/pam-table/climate-change-mitigation-policies-and-3###https://www.eea.europa.eu/data-and-maps/pam;2018;;
3e894cc2-888e-4c4d-a02b-42dc22d6f333;eea-data-and-maps-data-climate-change-mitigation-policies-and-measures-1;Tabular;1 to N;eea_t_climate-change-mitigation-pam_p_2107_v02_r00;Climate change mitigation policies and measures (PaM), 2017;http://www.eea.europa.eu/data-and-maps/data/climate-change-mitigation-policies-and-measures-1/pam-table/climate-change-mitigation-policies-and-2###https://www.eea.europa.eu/data-and-maps/pam;2107;;
1c19ba33-537e-41f5-8e37-7bd2f0ae371f;eea-data-and-maps-data-climate-change-mitigation-policies-and-measures-1;Tabular;1 to N;eea_t_climate-change-mitigation-pam_p_2016_v01_r00;Climate change mitigation policies and measures (PaM), 2016;http://www.eea.europa.eu/data-and-maps/data/climate-change-mitigation-policies-and-measures-1/pam-table/climate-change-mitigation-policies-and-1###https://www.eea.europa.eu/data-and-maps/pam;2016;;
6003df2f-6c74-41b6-a1b4-9e6407a0f644;eea-data-and-maps-data-emep-grids-reprojected-by-eea;Geospatial;1 to N;eea_v_3035_50_km_emep-grids-reprojected_p_1999_v01_r00;EMEP grids reprojected by EEA (50km);http://www.eea.europa.eu/data-and-maps/data/emep-grids-reprojected-by-eea/reprojected-emep_grid_50-zipped-shape-files-vector-data-polygon/reprojected-emep_grid_50-zipped-shape-files-vector-data-polygon;1999;;
204b1429-8c7d-45d9-b417-46ae830f18e7;eea-data-and-maps-data-emep-grids-reprojected-by-eea;Geospatial;1 to N;eea_v_3035_150_km_emep-grids-reprojected_p_1999_v01_r00;EMEP grids reprojected by EEA (150km);http://www.eea.europa.eu/data-and-maps/data/emep-grids-reprojected-by-eea/reprojected-emep_grid_150-zipped-shape-files-vector-data-polygon/reprojected-emep_grid_150-zipped-shape-files-vector-data-polygon;1999;;
83eb503b-d132-4bf4-8f63-df56b7a80370;eea-data-and-maps-data-aqereporting-9;Tabular;1 to N;eea_t_aq-assessment-methods_p_2013-now_v01_r00;Air Quality e-Reporting: Assessment methods meta-data reported by countries (data flow D);https://discomap.eea.europa.eu/App/AirQualityMeasurements/index.html###https://discomap.eea.europa.eu/App/AirQualityModels/index.html;2013;;
6e191a3b-258d-491e-b636-6cbb15cf473b;eea-data-and-maps-data-aqereporting-9;Tabular;1 to N;eea_t_aq-annual-statistics_p_2013-now_v01_r00;Air Quality e-Reporting: Air quality annual statistics calculated by the EEA;https://discomap.eea.europa.eu/App/AirQualityStatistics/index.html;2013;;
3ec8b680-0720-4716-9536-7288c314c814;eea-data-and-maps-data-aqereporting-9;Geospatial;1 to N;eea_r_xxxxx_aq-modelling-results_p_2013-now_v01_r00;Air Quality e-Reporting: Air quality modelling results processed by the EEA (data flow E1b);https://maps.eea.europa.eu/AirQualityModellingViewer/;2013;;
0eed9a67-0018-4a9b-9925-f4a10d333428;eea-data-and-maps-data-aqereporting-9;Tabular;1 to N;eea_t_aq-time-series_p_2013-now_v01_r00;Air Quality e-Reporting: Air quality time series (E1a & E2a data sets);http://discomap.eea.europa.eu/map/fme/AirQualityExport.htm;2013;;
d178a8ad-f80c-40ed-b66f-a855196222d5;eea-data-and-maps-data-aqereporting-9;Geospatial;1 to N;eea_v_3857_x_x_aq-zones-agglomerations_p_2013-now_v01_r00;Air Quality e-Reporting: Air quality zones information reported by countries (data flow B and B preliminary);https://discomap.eea.europa.eu/App/AirQualityZones/index.html;2013;;
679d335e-5f6d-415b-9ae4-887fc960b98d;eea-data-and-maps-data-aqereporting-9;Geospatial;1 to N;eea_v_3857_x_x_aq-zones-geometries_p_2013-now_v01_r00;Air Quality e-Reporting: Air quality zone geometries reported by countries (data flow B);https://discomap.eea.europa.eu/map/FME/AQZones/;2013;;
cc39f234-0441-490d-8b96-29646af9ef35;eea-data-and-maps-data-aqereporting-9;Tabular;1 to N;eea_t_aq-assessment-regimes_p_2013-now_v01_r00;Air Quality e-Reporting: Air quality assessment regimes reported by countries (data flow C and C preliminary);https://discomap.eea.europa.eu/App/AirQualityAssessmentRegimes/index.html###https://discomap.eea.europa.eu/App/AirQualityAssessmentRegimesMethods/index.html;2013;;
4d43b912-39be-459f-8231-ec1035a5581b;eea-data-and-maps-data-aqereporting-9;Tabular;1 to N;eea_t_aq-attainments-objectives_p_2013-now_v01_r00;Air Quality e-Reporting: Attainments of (air quality) environmental objectives reported by countries (data flow G);https://discomap.eea.europa.eu/App/AirQualityAttainments/index.html###https://discomap.eea.europa.eu/App/AirQualityAttainmentsMethods/index.html;2013;;
115c4e18-24e7-4652-a58a-2fd9ffb1b799;eea-data-and-maps-data-aqereporting-9;Tabular;1 to N;eea_t_aq-plans_p_2013-now_v01_r00;Air Quality e-Reporting: Air quality plans reported by countries (data flow H);https://discomap.eea.europa.eu/App/AirQualityPlans/index.html;2013;;
d2c0ea22-ff44-4a59-9291-225c500768ca;eea-data-and-maps-data-aqereporting-9;Tabular;1 to N;eea_t_aq-source-apportionments_p_2013-now_v01_r00;Air Quality e-Reporting: Source apportionments reported by countries (data flow I);https://discomap.eea.europa.eu/App/AirQualitySourceApportionment/index.html;2013;;
2f070bc5-c4de-4693-bfae-224ba61bcf0f;eea-data-and-maps-data-aqereporting-9;Tabular;1 to N;eea_t_aq-scenarios_p_2013-now_v01_r00;Air Quality e-Reporting: Air quality scenarios reported by countries (data flow J);https://discomap.eea.europa.eu/App/AirQualityScenarios/index.html;2013;;
1f964ae5-56eb-48c3-b89a-4820893341f7;eea-data-and-maps-data-aqereporting-9;Tabular;1 to N;eea_t_aq-measures_p_2013-now_v01_r00;Air Quality e-Reporting: Air quality measures reported by countries (data flow K);https://discomap.eea.europa.eu/App/AirQualityMeasures/index.html;2013;;
