eea-data-and-maps-data-natura-13;8c89654c-636a-485f-90b4-3778ea4b7fa3
eea-data-and-maps-data-article-12-database-birds-directive-2009-147-ec-1;4638c4de-f63c-4a44-b69a-6e3e439ae207###7c2dd14f-60b6-4009-aca8-5d20300479a9###e2face16-f352-4aff-9e4f-0ad1306f89b5
eea-data-and-maps-data-natural-assemblage-tree-species-indicator;1f598e5a-66af-4981-970d-28b1f0c29648
eea-data-and-maps-data-probability-of-occurrence-of-whales;5b83a3ca-2545-4b9e-a294-e709be063059
eea-data-and-maps-data-urban-morphological-zones-2000-2;02e6f47d-231e-4c52-aecd-d683b53cf745
eea-data-and-maps-data-projected-change-in-the-percentage;8e5ee71f-1136-4a07-b5fd-fb22bd9592e9
eea-data-and-maps-data-heat-eutrophication-assessment-tool;7c66cfd5-4246-4b9d-86af-624950aa49d4
eea-data-and-maps-data-waterbase-uwwtd-urban-waste-water-treatment-directive-8;53f1d42c-6dbb-4515-ae88-32888d0ba03e###7c26ff2c-d1b1-4533-95e6-29b34d29fe0e
eea-data-and-maps-data-emerald-network-data-1;7e895d09-384a-44d0-828a-90829c6f3030
eea-data-and-maps-data-eea-reference-grids-2;48b3b559-e140-4f67-8c67-842f7524078af###f11d6b89-1a13-46b7-b900-a6629539f353f###3f46582f-f938-4ff6-b8a0-0f1db2209729f###8644df59-75c3-4dd4-b59c-25c5b9c4a9ebf###8f086da7-e077-4dab-952b-0d12b00e326ef###59ed0aa1-a464-446b-a960-36df73e2a803f###bc1d2383-e126-4982-b626-74396213d38df###f78749ac-3d9c-45b3-96e5-7ff54cfdbddef###ad349ff5-1683-4e06-8892-7ed00fdcacdef###56d8dbbb-79b4-4859-acea-355ed9dc449af
eea-data-and-maps-data-marine-waters-used-in-marine;6d365112-5c0a-409e-bd45-68197fe3b2e8
eea-data-and-maps-data-wise-eionet-spatial-4;5a23b24d-558f-4fa9-90cb-6f94e688a483
eea-data-and-maps-data-mesh-marine-ecosystem-health-assessment-tool;660a7b8e-27c0-4b94-b495-e2d6d98ddd42
eea-data-and-maps-data-beat-integrated-classification-of-biodiversity;70064384-f3b7-49ad-b137-bdf31af82158
eea-data-and-maps-data-high-nature-value-farmland-1;4b3a3319-4db3-4a33-b18d-2ba55b3fe2ce###82feb669-ebb9-4601-8a84-9e1fe0ae2e2c###e351cfa6-0d4d-4481-8e08-060dcb638170
eea-data-and-maps-data-corine-land-cover-accounting-layers;fa9bd2f5-8006-42e7-8090-7b9f9b09bf29###cc388e86-097a-4474-957f-da9397fe3fbb###5a5f43ca-1447-4ed0-b0a6-4bd2e17e4f4d###b88947f8-8270-425e-b902-2f377f747857
eea-data-and-maps-data-annual-above-ground-vegetation-productivity;42012fdb-4612-41fb-a8f2-a195692ecf24###29ae2d47-7af2-4c09-ba5f-e2fbb7c2b0d1
eea-data-and-maps-data-wise-wfd-spatial-3;1f91bcac-2d39-4ce3-b684-8612e4b3ed1b###eb812f32-c4ae-4101-a2af-350d0df76bab
eea-data-and-maps-data-annual-above-ground-vegetation-season;4635cd57-65d9-47b4-b18e-98a781ef27bb###1be91ed4-2eb1-46d6-8453-5246c9e9d446
eea-data-and-maps-data-copernicus-land-monitoring-service-high-5;201ee90c-1971-4bdc-855e-9c9bcbc2c647
eea-data-and-maps-data-biogeographical-regions-europe-3;c6d27566-e699-4d58-a132-bbe3fe01491b
eea-data-and-maps-data-article-17-database-habitats-directive-92-43-eec-2;7fc458f8-40e1-4528-87bf-62ef0896fbb3###9f71b3e3-f8ec-442b-a2d5-c3c190605ac4
eea-data-and-maps-data-chase-contaminants-assessment;2bf95800-8b2e-4edf-9a45-05860300f002###3feffd63-ab0b-4f03-84e8-b2c324c93bbe###0f5f5180-8546-4bc9-979f-3039e850f23a###5d2e8632-245e-41ad-9a7b-be78f4f4597d###49eb412e-3002-492c-8323-ab5cac07fc40###cd87cd22-0a6f-499b-9e27-9691e6e46030###fc018b57-05ba-4692-b96b-809983a3a983###e542e9a1-715a-48e2-8c6c-d8a30541ca93###dfe9061b-84ad-4ef1-ba83-519ab61ebb40
eea-data-and-maps-data-annual-start-of-vegetation-growing;f4b01c76-29f7-4075-b13f-5dc5a9c18ae2###f5e0c7e9-7c44-477f-950b-7c092fa0f7a8
eea-data-and-maps-data-wise-wfd-protected-areas-2;40e6624e-cd58-4183-8a5d-61795100b133
eea-data-and-maps-data-potential-quiet-areas-in-europe;5f48b250-1c1d-4f0c-a2cd-a8c44e42b1dc
eea-data-and-maps-data-marine-protected-areas-mpa-assessment-areas;56c944f8-9a3e-40ec-a1b2-314740437658
eea-data-and-maps-data-landscape-fragmentation-effective-mesh-density;2e842c1e-d914-4533-8db0-039bfbaffaff###25f51134-c776-43c4-bba7-75dcd75082c6###67110f21-39cb-48be-878e-d08b64a72256###493f3285-25ff-4a51-8620-59ac50613117
eea-data-and-maps-data-nationally-designated-areas-national-cdda-16;c0c9663b-ea1c-4068-b8b5-533f40539bdf
eea-data-and-maps-data-ecosystem-types-of-europe-1;faff2281-1fca-4548-89d8-c8ec0c507bc7###2f117cba-a2dd-49d2-af86-4cb52ba56ed0###7c0cf3f2-ab54-4cd0-a635-b322df7197f6###aa791cf1-ead5-4364-b0c3-4c54dc83c7e4
eea-data-and-maps-data-quiet-areas-in-europe-2;e9151c34-da65-48b9-a2ca-b9b835480812
eea-data-and-maps-data-eea-coastline-for-analysis-2;9faa6ea1-372a-4826-a3c7-fb5b05e31c52###db4cfdd3-0687-4460-a2c7-fd10ca29c214
eea-data-and-maps-data-wise-water-accounts-spatial;f86c56e9-d8a0-42ba-b1c7-31ad8a17d00e
eea-data-and-maps-data-industrial-reporting-under-the-industrial-6;2f792bc1-25f4-4a9c-b124-498271d62d12
eea-data-and-maps-data-land-cover-flows-based-on;76f83b84-39da-4628-b71a-a5c289603df8###835d25e0-b9dc-4fb9-a8b6-f9e5336fa357###6da47390-b00c-4cb8-b5cc-df46f2c60260###c7f0d613-2ec6-43c7-870b-6062652548f1
eea-data-and-maps-data-eunis-habitat-classification-1;156377d3-14ee-42f9-855e-71d8c710d441###707f3c1f-4ecd-4cd1-bb7e-5091f0f36c4c###e4351c92-690f-42cd-9cfa-f5e1c6516474###05cbf86d-0168-47f5-9384-18c84b14f59c###96b7f7df-3f79-4001-b489-1d918c813a62###f626c353-fff5-410c-84f1-1cf48951f4af###70fbb9d1-b61b-4bdc-973b-fec4d8835ccd###2aee4bd1-c509-4b0c-94a1-f0ed57763ccb###1f8814c7-eb8b-4674-9955-1ebf485cfc57###5b3e4da9-4c14-498c-b20e-bc514470eab5
eea-data-and-maps-data-eea-potential-flood-prone-area-extent;28c36420-c31b-440e-80c5-8064696f3517
eea-data-and-maps-data-eea-marine-assessment-grid;84d1f816-1913-45b1-94b7-a5721a18296c
eea-data-and-maps-data-europe-seas-1;7ce1666b-fcdc-4cf3-91f0-96b58ad14e99
eea-data-and-maps-data-areas-burnt-by-wildfires;8b864fc4-7eee-4861-afff-4e855d62bc9c
eea-data-and-maps-data-european-forest-areas-based-on;2588fc43-d855-439b-a6e9-941a59a0e50e###afe358ed-2c31-4176-8a83-13a530c57091
eea-data-and-maps-data-management-related-pressures-on-forest-ecosystems;26a23284-755f-4275-a2f2-ddefd5d60aef
